,absolute WML volume,WML/brain volume ratio
Cohen's d,0.05636776695120232,0.239242309496138
mean difference,0.05924788706609062,0.0001858194509180601
